ID,Level,UpdateDate
001,A,2019-08-09
001,S,2020-12-08
002,A,2021-05-30
003,A,2018-03-26
003,S,2020-12-08
004,A,2022-05-02
005,A,2019-11-05
005,S,2022-04-25
006,A,2022-03-03
007,A,2017-03-29
007,S,2018-05-02
007,M,2021-09-01
008,A,2018-11-26
008,S,2020-03-15
008,M,2022-05-03