ID,Name,DeptId,Age,Gender,Salary
001,Mike,002,45,M,60000
002,Judy,002,30,F,48000
003,Allen,001,22,M,50000
004,Tom,002,47,M,47000
005,Jack,003,36,M,52000
006,Abby,002,24,F,45000
007,Trump,001,80,M,80000
008,Marry,003,29,F,87000