ID,Name,DeptId,Age,Gender,Salary,UpdateDate
001,Mike,002,45,M,60000,2020-12-08
002,Judy,002,30,F,48000,2021-05-30
003,Allen,001,22,M,50000,2020-12-08
004,Tom,002,47,M,47000,2022-05-02
005,Jack,003,36,M,52000,2022-04-25
006,Abby,002,24,F,45000,2022-03-03
007,Trump,001,80,M,80000,2021-09-01
008,Marry,003,29,F,87000,2022-05-03